{
  "metadata": {
    "source_package": "VineCopula",
    "source_version": "2.6.1"
  },
  "structure": "D",
  "order": [
    0,
    1,
    2,
    3
  ],
  "correlation": [
    [1, 0.69999999999999996, 0.29999999999999999, 0.20000000000000001],
    [0.69999999999999996, 1, 0.40000000000000002, 0.10000000000000001],
    [0.29999999999999999, 0.40000000000000002, 1, 0.5],
    [0.20000000000000001, 0.10000000000000001, 0.5, 1]
  ],
  "pair_parameters": [
    0.5,
    0.40000000000000002,
    0.69999999999999996,
    -0.12598815766974242,
    0.030556616567607071,
    0.19412535848920398
  ],
  "seed": 929292,
  "sample_size": 10000,
  "expected_mean": [0.50465492926866284, 0.50173427951164329, 0.49966093290218766, 0.50131841712048464],
  "expected_kendall_tau": [
    [1, 0.49892645264526447, 0.19600376037603756, 0.12957647764776475],
    [0.49892645264526447, 1, 0.26712471247124708, 0.070887008700870072],
    [0.19600376037603756, 0.26712471247124708, 1, 0.34065158515851579],
    [0.12957647764776475, 0.070887008700870072, 0.34065158515851579, 1]
  ]
}
