{
  "metadata": {
    "source_package": "VineCopula",
    "source_version": "2.6.1"
  },
  "structure": "C",
  "order": [
    0,
    1,
    2,
    3
  ],
  "correlation": [
    [1, 0.69999999999999996, 0.29999999999999999, 0.20000000000000001],
    [0.69999999999999996, 1, 0.40000000000000002, 0.10000000000000001],
    [0.29999999999999999, 0.40000000000000002, 1, 0.5],
    [0.20000000000000001, 0.10000000000000001, 0.5, 1]
  ],
  "pair_parameters": [
    0.20000000000000001,
    0.29999999999999999,
    0.69999999999999996,
    -0.057166195047502914,
    0.27889955205754874,
    0.50764041372119029
  ],
  "seed": 919191,
  "sample_size": 10000,
  "expected_mean": [0.49914273682923521, 0.49958410041475493, 0.50470045193487867, 0.50172913471862257],
  "expected_kendall_tau": [
    [1, 0.49804444444444435, 0.19827366736673666, 0.12916999699969994],
    [0.49804444444444435, 1, 0.26658257825782572, 0.0692049604960496],
    [0.19827366736673666, 0.26658257825782572, 1, 0.33938941894189412],
    [0.12916999699969994, 0.0692049604960496, 0.33938941894189412, 1]
  ]
}
