{
  "metadata": {
    "source_package": "VineCopula",
    "source_version": "2.6.1"
  },
  "family": "bb1_rot180",
  "family_code": 17,
  "par": 1.5,
  "par2": 1.5,
  "u1": [
    0.17000000000000001,
    0.31,
    0.62,
    0.88
  ],
  "u2": [
    0.23000000000000001,
    0.54000000000000004,
    0.40999999999999998,
    0.79000000000000004
  ],
  "p": [
    0.27000000000000002,
    0.45000000000000001,
    0.72999999999999998,
    0.91000000000000003
  ],
  "expected_log_pdf": [0.78904056589758298, 0.14487357082559574, 0.19331901578840363, 0.91035796394243385],
  "expected_cond_first_given_second": [0.27414276022839912, 0.18063498933028843, 0.84125527298321712, 0.88604780977255071],
  "expected_cond_second_given_first": [0.50682919031248996, 0.82721079161805489, 0.21513199507773761, 0.27664958708615772],
  "expected_inv_first_given_second": [0.16811684688193962, 0.48732302417741091, 0.54061671520768029, 0.89015979338104634],
  "expected_inv_second_given_first": [0.13283553271485959, 0.30829124205267489, 0.69534830834488304, 0.93723998350154814]
}
