{
  "metadata": {
    "source_package": "VineCopula",
    "source_version": "2.6.1"
  },
  "family": "clayton_rot270",
  "family_code": 33,
  "par": 2,
  "par2": 0,
  "u1": [
    0.17000000000000001,
    0.31,
    0.62,
    0.88
  ],
  "u2": [
    0.23000000000000001,
    0.54000000000000004,
    0.40999999999999998,
    0.79000000000000004
  ],
  "p": [
    0.27000000000000002,
    0.45000000000000001,
    0.72999999999999998,
    0.91000000000000003
  ],
  "expected_log_pdf": [-1.710329975726915, 0.3206918943341393, 0.36980205945193667, -1.671096811832391],
  "expected_cond_first_given_second": [0.010448989987533304, 0.19338987385194564, 0.51448376005340268, 0.98103393172509035],
  "expected_cond_second_given_first": [0.029043609611532295, 0.36813813697918907, 0.55664395221707963, 0.98666804323331547],
  "expected_inv_first_given_second": [0.54628942711326911, 0.48102055821327544, 0.77368138321349689, 0.63609375753015907],
  "expected_inv_second_given_first": [0.6680929237579607, 0.59496153957972098, 0.53505734278643258, 0.59638711399609756]
}
