{
  "metadata": {
    "source_package": "VineCopula",
    "source_version": "2.6.1"
  },
  "family": "bb8_rot180",
  "family_code": 20,
  "par": 2,
  "par2": 0.80000000000000004,
  "u1": [
    0.17000000000000001,
    0.31,
    0.62,
    0.88
  ],
  "u2": [
    0.23000000000000001,
    0.54000000000000004,
    0.40999999999999998,
    0.79000000000000004
  ],
  "p": [
    0.27000000000000002,
    0.45000000000000001,
    0.72999999999999998,
    0.91000000000000003
  ],
  "expected_log_pdf": [0.28774434908597851, 0.0011287428363452284, 0.02941849996641548, 0.28682036725897136],
  "expected_cond_first_given_second": [0.22968295780494241, 0.25580684403395793, 0.63771301033712913, 0.83673116257679958],
  "expected_cond_second_given_first": [0.35223150175345785, 0.60362437402354174, 0.33197306068421117, 0.70129329001695728],
  "expected_inv_first_given_second": [0.20053737023286744, 0.49458950065492169, 0.7112319293114846, 0.93444880237352179],
  "expected_inv_second_given_first": [0.17089795503736593, 0.39404389477043233, 0.76778865647739725, 0.93933439810465091]
}
