{
  "metadata": {
    "source_package": "VineCopula",
    "source_version": "2.6.1"
  },
  "family": "bb6_rot270",
  "family_code": 38,
  "par": 2,
  "par2": 1.5,
  "u1": [
    0.17000000000000001,
    0.31,
    0.62,
    0.88
  ],
  "u2": [
    0.23000000000000001,
    0.54000000000000004,
    0.40999999999999998,
    0.79000000000000004
  ],
  "p": [
    0.27000000000000002,
    0.45000000000000001,
    0.72999999999999998,
    0.91000000000000003
  ],
  "expected_log_pdf": [-1.7720964927030476, 0.36066232518277169, 0.65184999793793708, -2.9272089023719827],
  "expected_cond_first_given_second": [0.019386727167486482, 0.29997330537847222, 0.6376675581866782, 0.99787004222062092],
  "expected_cond_second_given_first": [0.012804709745616538, 0.2902797347670163, 0.47103052768165932, 0.99296136270228952],
  "expected_inv_first_given_second": [0.61286693161651051, 0.40680558268759792, 0.6687191282504763, 0.58934687266246666],
  "expected_inv_second_given_first": [0.61787448098197351, 0.64174434403383962, 0.57166441062130835, 0.36491318387588501]
}
