{
  "metadata": {
    "source_package": "VineCopula",
    "source_version": "2.6.1"
  },
  "family": "bb6_rot180",
  "family_code": 18,
  "par": 2,
  "par2": 1.5,
  "u1": [
    0.17000000000000001,
    0.31,
    0.62,
    0.88
  ],
  "u2": [
    0.23000000000000001,
    0.54000000000000004,
    0.40999999999999998,
    0.79000000000000004
  ],
  "p": [
    0.27000000000000002,
    0.45000000000000001,
    0.72999999999999998,
    0.91000000000000003
  ],
  "expected_log_pdf": [1.037553993619533, 0.057240847281371403, 0.17670523997754528, 0.68462406520020935],
  "expected_cond_first_given_second": [0.20766119717244091, 0.11784242499693831, 0.75230579833473665, 0.78010304842399425],
  "expected_cond_second_given_first": [0.58044693887876919, 0.78513698942696464, 0.17817748881922124, 0.49651235881949984],
  "expected_inv_first_given_second": [0.19141847161488723, 0.53361820432467177, 0.60182698728911055, 0.94703634448707541],
  "expected_inv_second_given_first": [0.14244156725161372, 0.33322597744733384, 0.76481821334838751, 0.96513261807829365]
}
