{
  "metadata": {
    "source_package": "VineCopula",
    "source_version": "2.6.1"
  },
  "family": "tawn1_rot180",
  "family_code": 114,
  "par": 2,
  "par2": 0.59999999999999998,
  "u1": [
    0.17000000000000001,
    0.31,
    0.62,
    0.88
  ],
  "u2": [
    0.23000000000000001,
    0.54000000000000004,
    0.40999999999999998,
    0.79000000000000004
  ],
  "p": [
    0.27000000000000002,
    0.45000000000000001,
    0.72999999999999998,
    0.91000000000000003
  ],
  "expected_log_pdf": [0.38744496033430376, -0.10942361336138497, 0.27063970136068422, 0.53143156335470121],
  "expected_cond_first_given_second": [0.16594110630000081, 0.19684741496997071, 0.64673595209958346, 0.78895129211003612],
  "expected_cond_second_given_first": [0.46478276426096832, 0.68508839932996934, 0.31169854825715704, 0.62876447174182548],
  "expected_inv_first_given_second": [0.23575366640814632, 0.5419361770035791, 0.68554289134280411, 0.94842666522619212],
  "expected_inv_second_given_first": [0.12814437771686943, 0.32737733979081862, 0.73378870476106939, 0.94854322277116254]
}
