{
  "metadata": {
    "source_package": "VineCopula",
    "source_version": "2.6.1"
  },
  "family": "joe_rot90",
  "family_code": 26,
  "par": 2.5,
  "par2": 0,
  "u1": [
    0.17000000000000001,
    0.31,
    0.62,
    0.88
  ],
  "u2": [
    0.23000000000000001,
    0.54000000000000004,
    0.40999999999999998,
    0.79000000000000004
  ],
  "p": [
    0.27000000000000002,
    0.45000000000000001,
    0.72999999999999998,
    0.91000000000000003
  ],
  "expected_log_pdf": [-1.3159517795760167, 0.26549659431471617, 0.32340434938945067, -1.2306288661539719],
  "expected_cond_first_given_second": [0.018372938246204673, 0.19849334275201547, 0.51464580086760692, 0.96825585143088821],
  "expected_cond_second_given_first": [0.049441184522154763, 0.4012503066379749, 0.54930379311163025, 0.97534426450967671],
  "expected_inv_first_given_second": [0.51913049061011485, 0.48884100627015481, 0.77907868851480711, 0.71249341235194952],
  "expected_inv_second_given_first": [0.63435362048890531, 0.57573033223042025, 0.5468128250158456, 0.6456923345059693]
}
