{
  "metadata": {
    "source_package": "VineCopula",
    "source_version": "2.6.1"
  },
  "family": "joe",
  "family_code": 6,
  "par": 2.5,
  "par2": 0,
  "u1": [
    0.17000000000000001,
    0.31,
    0.62,
    0.88
  ],
  "u2": [
    0.23000000000000001,
    0.54000000000000004,
    0.40999999999999998,
    0.79000000000000004
  ],
  "p": [
    0.27000000000000002,
    0.45000000000000001,
    0.72999999999999998,
    0.91000000000000003
  ],
  "expected_log_pdf": [0.48548752481977886, 0.129752172036456, 0.12423901546153644, 0.79672395352319203],
  "expected_cond_first_given_second": [0.28314318650265646, 0.29214130174322717, 0.7991731463864894, 0.87375085877238912],
  "expected_cond_second_given_first": [0.40822277697305659, 0.7603931831818016, 0.33220410005953127, 0.37165136593860276],
  "expected_inv_first_given_second": [0.16192554591426503, 0.43808167106281942, 0.56211121223612082, 0.89735977058413474],
  "expected_inv_second_given_first": [0.14804260699843655, 0.30641910603797684, 0.69106246169108709, 0.94101308986818033]
}
