{
  "metadata": {
    "source_package": "VineCopula",
    "source_version": "2.6.1"
  },
  "family": "gaussian",
  "family_code": 1,
  "par": 0.69999999999999996,
  "par2": 0,
  "u1": [
    0.17000000000000001,
    0.31,
    0.62,
    0.88
  ],
  "u2": [
    0.23000000000000001,
    0.54000000000000004,
    0.40999999999999998,
    0.79000000000000004
  ],
  "p": [
    0.27000000000000002,
    0.45000000000000001,
    0.72999999999999998,
    0.91000000000000003
  ],
  "expected_log_pdf": [0.6046870303398274, 0.14536067086738041, 0.17156293528614086, 0.66157672469920814],
  "expected_cond_first_given_second": [0.27030730996634816, 0.21395472359999412, 0.74241134540339082, 0.80368558172037652],
  "expected_cond_second_given_first": [0.46044070722116331, 0.73456086786057218, 0.26826863125834077, 0.49102383361444996],
  "expected_inv_first_given_second": [0.16983213876710818, 0.4922464277610436, 0.6096298889547429, 0.93599364105697047],
  "expected_inv_second_given_first": [0.13446030510722182, 0.33111536398227942, 0.74262925869762908, 0.96246049482916851]
}
