{
  "metadata": {
    "source_package": "VineCopula",
    "source_version": "2.6.1"
  },
  "family": "gumbel",
  "family_code": 4,
  "par": 1.8,
  "par2": 0,
  "u1": [
    0.17000000000000001,
    0.31,
    0.62,
    0.88
  ],
  "u2": [
    0.23000000000000001,
    0.54000000000000004,
    0.40999999999999998,
    0.79000000000000004
  ],
  "p": [
    0.27000000000000002,
    0.45000000000000001,
    0.72999999999999998,
    0.91000000000000003
  ],
  "expected_log_pdf": [0.51120190818774458, 0.12855825677248561, 0.14704616685387578, 0.70182198040225974],
  "expected_cond_first_given_second": [0.26984175096316659, 0.25090396736576226, 0.75848024240806577, 0.84511409058698872],
  "expected_cond_second_given_first": [0.42400726528195648, 0.73058349557155089, 0.30462775012319221, 0.46500173265962907],
  "expected_inv_first_given_second": [0.17009491516319886, 0.46795632169969803, 0.5959095636931051, 0.91409895790744522],
  "expected_inv_second_given_first": [0.14290654279350509, 0.32778959849677486, 0.71549268845008474, 0.94917405643873609]
}
