{
  "metadata": {
    "source_package": "VineCopula",
    "source_version": "2.6.1"
  },
  "family": "tawn2",
  "family_code": 204,
  "par": 2,
  "par2": 0.59999999999999998,
  "u1": [
    0.17000000000000001,
    0.31,
    0.62,
    0.88
  ],
  "u2": [
    0.23000000000000001,
    0.54000000000000004,
    0.40999999999999998,
    0.79000000000000004
  ],
  "p": [
    0.27000000000000002,
    0.45000000000000001,
    0.72999999999999998,
    0.91000000000000003
  ],
  "expected_log_pdf": [0.34370686984002286, -0.052641254332046167, 0.27553931916365432, 0.83582562503783631],
  "expected_cond_first_given_second": [0.22269953372013707, 0.24607938259791667, 0.70606335539736775, 0.80454360906351141],
  "expected_cond_second_given_first": [0.40422241215847021, 0.70402671166389752, 0.367139931939027, 0.57305482005808439],
  "expected_inv_first_given_second": [0.20328840071547571, 0.49983016379974321, 0.6382990427043258, 0.92637415819268631],
  "expected_inv_second_given_first": [0.14275829219585429, 0.31616379112383974, 0.67874804725179905, 0.9285489853191915]
}
