{
  "metadata": {
    "source_package": "VineCopula",
    "source_version": "2.6.1"
  },
  "family": "bb1_rot270",
  "family_code": 37,
  "par": 1.5,
  "par2": 1.5,
  "u1": [
    0.17000000000000001,
    0.31,
    0.62,
    0.88
  ],
  "u2": [
    0.23000000000000001,
    0.54000000000000004,
    0.40999999999999998,
    0.79000000000000004
  ],
  "p": [
    0.27000000000000002,
    0.45000000000000001,
    0.72999999999999998,
    0.91000000000000003
  ],
  "expected_log_pdf": [-2.4842231263051997, 0.42785537125966694, 0.61016327926557312, -2.7231465180711583],
  "expected_cond_first_given_second": [0.0043158406247442273, 0.17928166924080755, 0.5543648662696109, 0.99550125578311832],
  "expected_cond_second_given_first": [0.0093299858478221864, 0.29102218546657066, 0.54351386326642492, 0.99584530469397359],
  "expected_inv_first_given_second": [0.59596205001597724, 0.45958908064047943, 0.72011650579453645, 0.52360505429164572],
  "expected_inv_second_given_first": [0.70912970642033557, 0.62767360102563474, 0.51865201425058227, 0.48212660176799482]
}
