{
  "metadata": {
    "source_package": "VineCopula",
    "source_version": "2.6.1"
  },
  "family": "joe_rot270",
  "family_code": 36,
  "par": 2.5,
  "par2": 0,
  "u1": [
    0.17000000000000001,
    0.31,
    0.62,
    0.88
  ],
  "u2": [
    0.23000000000000001,
    0.54000000000000004,
    0.40999999999999998,
    0.79000000000000004
  ],
  "p": [
    0.27000000000000002,
    0.45000000000000001,
    0.72999999999999998,
    0.91000000000000003
  ],
  "expected_log_pdf": [-1.0031613681178173, 0.25562512502291618, 0.41626002100003379, -1.8762672956803432],
  "expected_cond_first_given_second": [0.053835706898676214, 0.35310098239227339, 0.65386132774373151, 0.99262873251636119],
  "expected_cond_second_given_first": [0.034067778698048667, 0.33711662574737244, 0.42850107978973817, 0.97370151849415498],
  "expected_inv_first_given_second": [0.53180044943216453, 0.38331105816278599, 0.67028172305637279, 0.66956964345212056],
  "expected_inv_second_given_first": [0.54110490521806986, 0.62362545019904225, 0.64795272128172543, 0.51479890720220167]
}
