{
  "metadata": {
    "source_package": "VineCopula",
    "source_version": "2.6.1"
  },
  "family": "gumbel_rot180",
  "family_code": 14,
  "par": 1.8,
  "par2": 0,
  "u1": [
    0.17000000000000001,
    0.31,
    0.62,
    0.88
  ],
  "u2": [
    0.23000000000000001,
    0.54000000000000004,
    0.40999999999999998,
    0.79000000000000004
  ],
  "p": [
    0.27000000000000002,
    0.45000000000000001,
    0.72999999999999998,
    0.91000000000000003
  ],
  "expected_log_pdf": [0.68344644983428449, 0.10743393218434225, 0.14937568164166365, 0.55848867310705408],
  "expected_cond_first_given_second": [0.23227258543794271, 0.19149784282117299, 0.70551532182641474, 0.80142652301620743],
  "expected_cond_second_given_first": [0.45669025823748255, 0.70144617901426898, 0.25729443070080771, 0.55595472567899606],
  "expected_inv_first_given_second": [0.18902461502821766, 0.5113149263159954, 0.64145968753860516, 0.94250419846971956],
  "expected_inv_second_given_first": [0.14625372345988419, 0.35233674477324572, 0.76023506608241143, 0.96127838360663476]
}
