{
  "metadata": {
    "source_package": "VineCopula",
    "source_version": "2.6.1"
  },
  "family": "clayton",
  "family_code": 3,
  "par": 2,
  "par2": 0,
  "u1": [
    0.17000000000000001,
    0.31,
    0.62,
    0.88
  ],
  "u2": [
    0.23000000000000001,
    0.54000000000000004,
    0.40999999999999998,
    0.79000000000000004
  ],
  "p": [
    0.27000000000000002,
    0.45000000000000001,
    0.72999999999999998,
    0.91000000000000003
  ],
  "expected_log_pdf": [0.92120791964347515, 0.080244559899212739, 0.15354686762388337, 0.59304082870730501],
  "expected_cond_first_given_second": [0.21602659090755041, 0.13810698553827916, 0.69936258531751727, 0.77835221054149106],
  "expected_cond_second_given_first": [0.53498789569960625, 0.72998148336073299, 0.20224551350520545, 0.56313098048513555],
  "expected_inv_first_given_second": [0.1912212467140452, 0.54148847232819308, 0.6470224497783198, 0.95174338539809133],
  "expected_inv_second_given_first": [0.14252457819238323, 0.34680522125612068, 0.78877586536463085, 0.96056336711726575]
}
