{
  "metadata": {
    "source_package": "VineCopula",
    "source_version": "2.6.1"
  },
  "family": "tawn1",
  "family_code": 104,
  "par": 2,
  "par2": 0.59999999999999998,
  "u1": [
    0.17000000000000001,
    0.31,
    0.62,
    0.88
  ],
  "u2": [
    0.23000000000000001,
    0.54000000000000004,
    0.40999999999999998,
    0.79000000000000004
  ],
  "p": [
    0.27000000000000002,
    0.45000000000000001,
    0.72999999999999998,
    0.91000000000000003
  ],
  "expected_log_pdf": [0.45249915887330561, 0.25576352171201355, -0.055973623269310727, 0.30283143596571466],
  "expected_cond_first_given_second": [0.28267233267295405, 0.30015183068023088, 0.75167546375282013, 0.89260072253630574],
  "expected_cond_second_given_first": [0.35480221590637018, 0.6749689117982508, 0.30480887961863318, 0.4935055847337001],
  "expected_inv_first_given_second": [0.16198290713122637, 0.42272527581478236, 0.59752254198955179, 0.89328627327916821],
  "expected_inv_second_given_first": [0.17638571256312535, 0.37293922121742018, 0.74941135313879537, 0.95703535017718866]
}
