{
  "metadata": {
    "source_package": "VineCopula",
    "source_version": "2.6.1"
  },
  "family": "bb6_rot90",
  "family_code": 28,
  "par": 2,
  "par2": 1.5,
  "u1": [
    0.17000000000000001,
    0.31,
    0.62,
    0.88
  ],
  "u2": [
    0.23000000000000001,
    0.54000000000000004,
    0.40999999999999998,
    0.79000000000000004
  ],
  "p": [
    0.27000000000000002,
    0.45000000000000001,
    0.72999999999999998,
    0.91000000000000003
  ],
  "expected_log_pdf": [-2.129912654586755, 0.38528745698331218, 0.51046435533046108, -2.1887835900716057],
  "expected_cond_first_given_second": [0.0066726115395571162, 0.17721106953594523, 0.53145912100255877, 0.99027357175124386],
  "expected_cond_second_given_first": [0.016607581781821371, 0.31528098672098942, 0.55521111698069348, 0.99228974590542995],
  "expected_inv_first_given_second": [0.57797270140129375, 0.46912356127183363, 0.74579811698318699, 0.56003279061393907],
  "expected_inv_second_given_first": [0.70346220862352538, 0.61883837608887782, 0.52074309299855881, 0.53666166316899711]
}
