{
  "metadata": {
    "source_package": "VineCopula",
    "source_version": "2.6.1"
  },
  "family": "bb7_rot90",
  "family_code": 29,
  "par": 1.5,
  "par2": 1.5,
  "u1": [
    0.17000000000000001,
    0.31,
    0.62,
    0.88
  ],
  "u2": [
    0.23000000000000001,
    0.54000000000000004,
    0.40999999999999998,
    0.79000000000000004
  ],
  "p": [
    0.27000000000000002,
    0.45000000000000001,
    0.72999999999999998,
    0.91000000000000003
  ],
  "expected_log_pdf": [-1.0690970768552459, 0.31105652582896604, 0.41424727909378012, -1.8291563021003827],
  "expected_cond_first_given_second": [0.03661664919106622, 0.30086957873955111, 0.62720082412098899, 0.99216032037984181],
  "expected_cond_second_given_first": [0.032519169858045448, 0.36187916530951691, 0.45088474885320817, 0.9798583211925691],
  "expected_inv_first_given_second": [0.52623022641086414, 0.41540085629202261, 0.68833972655519193, 0.67053071244993134],
  "expected_inv_second_given_first": [0.55791021116044504, 0.60201304704585312, 0.61757946020383447, 0.53380351012303939]
}
