{
  "metadata": {
    "source_package": "VineCopula",
    "source_version": "2.6.1"
  },
  "family": "joe_rot180",
  "family_code": 16,
  "par": 2.5,
  "par2": 0,
  "u1": [
    0.17000000000000001,
    0.31,
    0.62,
    0.88
  ],
  "u2": [
    0.23000000000000001,
    0.54000000000000004,
    0.40999999999999998,
    0.79000000000000004
  ],
  "p": [
    0.27000000000000002,
    0.45000000000000001,
    0.72999999999999998,
    0.91000000000000003
  ],
  "expected_log_pdf": [0.84302931904122302, 0.060280370732737384, 0.13331780468284932, 0.52883069650014358],
  "expected_cond_first_given_second": [0.21189974508608256, 0.14996525149522, 0.67167949373495306, 0.79235519437771906],
  "expected_cond_second_given_first": [0.5060204974342013, 0.69307103916376245, 0.21870063427282194, 0.60261539724632907],
  "expected_inv_first_given_second": [0.19472389109092225, 0.5435216157043794, 0.67327743344187629, 0.94847222411711274],
  "expected_inv_second_given_first": [0.1452764102778733, 0.35925095737944068, 0.79125974333010762, 0.95570098117940105]
}
