{
  "metadata": {
    "source_package": "VineCopula",
    "source_version": "2.6.1"
  },
  "family": "student_t",
  "family_code": 2,
  "par": 0.59999999999999998,
  "par2": 5,
  "u1": [
    0.17000000000000001,
    0.31,
    0.62,
    0.88
  ],
  "u2": [
    0.23000000000000001,
    0.54000000000000004,
    0.40999999999999998,
    0.79000000000000004
  ],
  "p": [
    0.27000000000000002,
    0.45000000000000001,
    0.72999999999999998,
    0.91000000000000003
  ],
  "expected_log_pdf": [0.55849590167774499, 0.12185473562106482, 0.1508179693773497, 0.59588069902048413],
  "expected_cond_first_given_second": [0.24349865845228397, 0.22468902401579915, 0.72563479364363448, 0.82809246672232562],
  "expected_cond_second_given_first": [0.42128542360158616, 0.70309044198579795, 0.28918075737832893, 0.53522193273932206],
  "expected_inv_first_given_second": [0.18517952408743824, 0.48767808593594059, 0.62376537940176324, 0.92672253079723288],
  "expected_inv_second_given_first": [0.14975441644810231, 0.34759321014216793, 0.73458176715171875, 0.95454384833872807]
}
