{
  "metadata": {
    "source_package": "VineCopula",
    "source_version": "2.6.1"
  },
  "family": "bb8_rot270",
  "family_code": 40,
  "par": 2,
  "par2": 0.80000000000000004,
  "u1": [
    0.17000000000000001,
    0.31,
    0.62,
    0.88
  ],
  "u2": [
    0.23000000000000001,
    0.54000000000000004,
    0.40999999999999998,
    0.79000000000000004
  ],
  "p": [
    0.27000000000000002,
    0.45000000000000001,
    0.72999999999999998,
    0.91000000000000003
  ],
  "expected_log_pdf": [-0.32930172819259385, 0.096673981208495602, 0.09113026594964678, -0.52956761160829491],
  "expected_cond_first_given_second": [0.11519402426749908, 0.33520652408085377, 0.61884176896783905, 0.9400905700453791],
  "expected_cond_second_given_first": [0.12834534363757888, 0.44869057715174987, 0.42890011471083855, 0.8871776422074078],
  "expected_inv_first_given_second": [0.36819981788020406, 0.4141281521717145, 0.72166443132983882, 0.83174207078197493],
  "expected_inv_second_given_first": [0.40085964912597594, 0.5411883474170367, 0.70058448986270283, 0.82949713037603523]
}
