{
  "metadata": {
    "source_package": "VineCopula",
    "source_version": "2.6.1"
  },
  "family": "bb1_rot90",
  "family_code": 27,
  "par": 1.5,
  "par2": 1.5,
  "u1": [
    0.17000000000000001,
    0.31,
    0.62,
    0.88
  ],
  "u2": [
    0.23000000000000001,
    0.54000000000000004,
    0.40999999999999998,
    0.79000000000000004
  ],
  "p": [
    0.27000000000000002,
    0.45000000000000001,
    0.72999999999999998,
    0.91000000000000003
  ],
  "expected_log_pdf": [-2.1595835871025861, 0.41793414767413589, 0.70499354866899044, -3.4061883136538214],
  "expected_cond_first_given_second": [0.010471658323582878, 0.26176143428433363, 0.62498202623946297, 0.99878453245521015],
  "expected_cond_second_given_first": [0.0079977211715633427, 0.27997969561881958, 0.48918635407980693, 0.99652131872739413],
  "expected_inv_first_given_second": [0.62438132869440455, 0.42126868051779942, 0.67284376593817785, 0.55913201524878786],
  "expected_inv_second_given_first": [0.64785409129096938, 0.63955383084584638, 0.54822367591795595, 0.34635753731375907]
}
