{
  "metadata": {
    "source_package": "VineCopula",
    "source_version": "2.6.1"
  },
  "family": "clayton_rot90",
  "family_code": 23,
  "par": 2,
  "par2": 0,
  "u1": [
    0.17000000000000001,
    0.31,
    0.62,
    0.88
  ],
  "u2": [
    0.23000000000000001,
    0.54000000000000004,
    0.40999999999999998,
    0.79000000000000004
  ],
  "p": [
    0.27000000000000002,
    0.45000000000000001,
    0.72999999999999998,
    0.91000000000000003
  ],
  "expected_log_pdf": [-1.3407714278511795, 0.28369247060251285, 0.49027083592309589, -2.4563373559202368],
  "expected_cond_first_given_second": [0.034792627150983857, 0.34127106049879075, 0.64539059958383138, 0.99654031367552343],
  "expected_cond_second_given_first": [0.020538553876625357, 0.31574810349067589, 0.44540083259372282, 0.98712979498472697],
  "expected_inv_first_given_second": [0.5701799346404155, 0.38906953050892024, 0.67193872001510191, 0.63179819475469023],
  "expected_inv_second_given_first": [0.57512604061249273, 0.63546315416370736, 0.61820074536774283, 0.4261528440874166]
}
