{
  "metadata": {
    "source_package": "VineCopula",
    "source_version": "2.6.1"
  },
  "family": "gumbel_rot270",
  "family_code": 34,
  "par": 1.8,
  "par2": 0,
  "u1": [
    0.17000000000000001,
    0.31,
    0.62,
    0.88
  ],
  "u2": [
    0.23000000000000001,
    0.54000000000000004,
    0.40999999999999998,
    0.79000000000000004
  ],
  "p": [
    0.27000000000000002,
    0.45000000000000001,
    0.72999999999999998,
    0.91000000000000003
  ],
  "expected_log_pdf": [-0.96168680002092577, 0.2556646989878294, 0.37934455325814248, -1.4814566683470991],
  "expected_cond_first_given_second": [0.045644400474655247, 0.30718008433495964, 0.61726917851195395, 0.98564116110658206],
  "expected_cond_second_given_first": [0.044140209971044508, 0.3667678648865792, 0.45720247015482796, 0.96822197248178343],
  "expected_inv_first_given_second": [0.509900822288061, 0.41644543493679848, 0.69775824051445945, 0.69340862502623468],
  "expected_inv_second_given_first": [0.54762824389608888, 0.60208193396178111, 0.62070812212149518, 0.60359902885053929]
}
