{
  "metadata": {
    "source_package": "VineCopula",
    "source_version": "2.6.1"
  },
  "family": "clayton_rot180",
  "family_code": 13,
  "par": 2,
  "par2": 0,
  "u1": [
    0.17000000000000001,
    0.31,
    0.62,
    0.88
  ],
  "u2": [
    0.23000000000000001,
    0.54000000000000004,
    0.40999999999999998,
    0.79000000000000004
  ],
  "p": [
    0.27000000000000002,
    0.45000000000000001,
    0.72999999999999998,
    0.91000000000000003
  ],
  "expected_log_pdf": [0.54176741536442508, 0.13543561384298039, 0.14796702993085611, 0.86089786710480209],
  "expected_cond_first_given_second": [0.29943102156371426, 0.26947080586688343, 0.81341700248710691, 0.87585756710327167],
  "expected_cond_second_given_first": [0.44064335594818893, 0.78354690544203953, 0.30164328899620063, 0.33467414869409684],
  "expected_inv_first_given_second": [0.15294562715594984, 0.45069488681301562, 0.55296825232042224, 0.89530628632756004],
  "expected_inv_second_given_first": [0.13576365335682083, 0.29788039024611068, 0.69360978674195761, 0.93995298435054131]
}
