{
  "metadata": {
    "source_package": "VineCopula",
    "source_version": "2.6.1"
  },
  "family": "bb7_rot180",
  "family_code": 19,
  "par": 1.5,
  "par2": 1.5,
  "u1": [
    0.17000000000000001,
    0.31,
    0.62,
    0.88
  ],
  "u2": [
    0.23000000000000001,
    0.54000000000000004,
    0.40999999999999998,
    0.79000000000000004
  ],
  "p": [
    0.27000000000000002,
    0.45000000000000001,
    0.72999999999999998,
    0.91000000000000003
  ],
  "expected_log_pdf": [0.58562092109252317, 0.17638361009655357, 0.1838836542596636, 0.77128531014701263],
  "expected_cond_first_given_second": [0.24776362500956139, 0.24566140527783231, 0.77236533364990634, 0.85561622836465179],
  "expected_cond_second_given_first": [0.42094504205993721, 0.7406510227366212, 0.30236076943199663, 0.41994350242022571],
  "expected_inv_first_given_second": [0.18238934313076105, 0.46514387652776068, 0.58580946371495091, 0.9066072489996313],
  "expected_inv_second_given_first": [0.15136063519163767, 0.33211610413524717, 0.70693351164349671, 0.94582287282039001]
}
