{
  "metadata": {
    "source_package": "VineCopula",
    "source_version": "2.6.1"
  },
  "family": "bb7",
  "family_code": 9,
  "par": 1.5,
  "par2": 1.5,
  "u1": [
    0.17000000000000001,
    0.31,
    0.62,
    0.88
  ],
  "u2": [
    0.23000000000000001,
    0.54000000000000004,
    0.40999999999999998,
    0.79000000000000004
  ],
  "p": [
    0.27000000000000002,
    0.45000000000000001,
    0.72999999999999998,
    0.91000000000000003
  ],
  "expected_log_pdf": [0.75651149578097809, 0.13239651057615934, 0.19068598694642233, 0.61545492261311319],
  "expected_cond_first_given_second": [0.22612960999465739, 0.17517310731326588, 0.70783397189105735, 0.82809544231571364],
  "expected_cond_second_given_first": [0.47904426871248529, 0.70767540250171124, 0.24477798393600697, 0.54050457907170846],
  "expected_inv_first_given_second": [0.19056370970400205, 0.51572024765843283, 0.63859377139642226, 0.92589037922522355],
  "expected_inv_second_given_first": [0.14457220967941031, 0.35351182431379324, 0.75033531536923825, 0.95158725287547608]
}
