{
  "metadata": {
    "source_package": "VineCopula",
    "source_version": "2.6.1"
  },
  "family": "bb6",
  "family_code": 8,
  "par": 2,
  "par2": 1.5,
  "u1": [
    0.17000000000000001,
    0.31,
    0.62,
    0.88
  ],
  "u2": [
    0.23000000000000001,
    0.54000000000000004,
    0.40999999999999998,
    0.79000000000000004
  ],
  "p": [
    0.27000000000000002,
    0.45000000000000001,
    0.72999999999999998,
    0.91000000000000003
  ],
  "expected_log_pdf": [0.64958863788388721, 0.13817359736864038, 0.16709254711568802, 0.87299984937175756],
  "expected_cond_first_given_second": [0.29952282154757121, 0.21852780427303131, 0.83589627250271725, 0.89074964387808575],
  "expected_cond_second_given_first": [0.48157786261188545, 0.81340184213349598, 0.24764932436110698, 0.27995341500493687],
  "expected_inv_first_given_second": [0.15457630176275383, 0.4731801515172801, 0.54097240348429287, 0.88842341441263284],
  "expected_inv_second_given_first": [0.12710584660528179, 0.29977833191736891, 0.6911978705098405, 0.93605699987169011]
}
