{
  "metadata": {
    "source_package": "VineCopula",
    "source_version": "2.6.1"
  },
  "family": "bb1",
  "family_code": 7,
  "par": 1.5,
  "par2": 1.5,
  "u1": [
    0.17000000000000001,
    0.31,
    0.62,
    0.88
  ],
  "u2": [
    0.23000000000000001,
    0.54000000000000004,
    0.40999999999999998,
    0.79000000000000004
  ],
  "p": [
    0.27000000000000002,
    0.45000000000000001,
    0.72999999999999998,
    0.91000000000000003
  ],
  "expected_log_pdf": [1.0539034627785402, 0.076886531682663364, 0.20179995861400998, 0.79242761188635824],
  "expected_cond_first_given_second": [0.21478038835535215, 0.11429535963183475, 0.78685230708874876, 0.81266289354995458],
  "expected_cond_second_given_first": [0.58647582328591741, 0.81286039527887344, 0.17094249980074847, 0.43805129418430933],
  "expected_inv_first_given_second": [0.18878218001890162, 0.52445014160725467, 0.57697968913437814, 0.92740066217998907],
  "expected_inv_second_given_first": [0.14073626913049342, 0.32702059472774669, 0.74021912904888421, 0.95568142551382862]
}
