{
  "metadata": {
    "source_package": "VineCopula",
    "source_version": "2.6.1"
  },
  "family": "tawn2_rot180",
  "family_code": 214,
  "par": 2,
  "par2": 0.59999999999999998,
  "u1": [
    0.17000000000000001,
    0.31,
    0.62,
    0.88
  ],
  "u2": [
    0.23000000000000001,
    0.54000000000000004,
    0.40999999999999998,
    0.79000000000000004
  ],
  "p": [
    0.27000000000000002,
    0.45000000000000001,
    0.72999999999999998,
    0.91000000000000003
  ],
  "expected_log_pdf": [0.69590747858895341, 0.27332677232496921, -0.046306140154667122, 0.35800588127670879],
  "expected_cond_first_given_second": [0.2789674326300523, 0.23641135900012789, 0.70914391085921746, 0.83861987914290981],
  "expected_cond_second_given_first": [0.3491730036715438, 0.63519997872195444, 0.26829394798490258, 0.59784520356948101],
  "expected_inv_first_given_second": [0.16555512010084877, 0.46802198147913288, 0.64217540341968493, 0.93085795572829055],
  "expected_inv_second_given_first": [0.19080218707738816, 0.40874750789789749, 0.78541874872405271, 0.96287025281342919]
}
