{
  "metadata": {
    "source_package": "VineCopula",
    "source_version": "2.6.1"
  },
  "family": "bb8_rot90",
  "family_code": 30,
  "par": 2,
  "par2": 0.80000000000000004,
  "u1": [
    0.17000000000000001,
    0.31,
    0.62,
    0.88
  ],
  "u2": [
    0.23000000000000001,
    0.54000000000000004,
    0.40999999999999998,
    0.79000000000000004
  ],
  "p": [
    0.27000000000000002,
    0.45000000000000001,
    0.72999999999999998,
    0.91000000000000003
  ],
  "expected_log_pdf": [-0.39692443215563999, 0.056067620544444648, 0.1149623332474137, -0.40587133540845555],
  "expected_cond_first_given_second": [0.093051571914403608, 0.28380190858398358, 0.57030526847312724, 0.92333952664537966],
  "expected_cond_second_given_first": [0.1406665515230813, 0.47872378236469343, 0.4733808451516146, 0.89075261694582841],
  "expected_inv_first_given_second": [0.38737714393232414, 0.46432699577788172, 0.76122381660518434, 0.8601314343533959],
  "expected_inv_second_given_first": [0.40591010872613609, 0.51259099890191662, 0.65156917396385938, 0.81978892770830192]
}
