{
  "metadata": {
    "source_package": "VineCopula",
    "source_version": "2.6.1"
  },
  "family": "bb7_rot270",
  "family_code": 39,
  "par": 1.5,
  "par2": 1.5,
  "u1": [
    0.17000000000000001,
    0.31,
    0.62,
    0.88
  ],
  "u2": [
    0.23000000000000001,
    0.54000000000000004,
    0.40999999999999998,
    0.79000000000000004
  ],
  "p": [
    0.27000000000000002,
    0.45000000000000001,
    0.72999999999999998,
    0.91000000000000003
  ],
  "expected_log_pdf": [-1.2589613527557435, 0.29913206357354827, 0.39079112914823588, -1.4239379813522541],
  "expected_cond_first_given_second": [0.019894988239515132, 0.22662909596156075, 0.56011611755328705, 0.98145756286882602],
  "expected_cond_second_given_first": [0.038859136477958689, 0.39187176967274129, 0.5091815131809172, 0.97940899933734094],
  "expected_inv_first_given_second": [0.51608117383326735, 0.46559020399224726, 0.73671839879305434, 0.68495734206552994],
  "expected_inv_second_given_first": [0.61161321297891347, 0.58143293471204827, 0.56953355896607449, 0.61581354253552978]
}
