{
  "metadata": {
    "source_package": "VineCopula",
    "source_version": "2.6.1"
  },
  "family": "frank",
  "family_code": 5,
  "par": 4,
  "par2": 0,
  "u1": [
    0.17000000000000001,
    0.31,
    0.62,
    0.88
  ],
  "u2": [
    0.23000000000000001,
    0.54000000000000004,
    0.40999999999999998,
    0.79000000000000004
  ],
  "p": [
    0.27000000000000002,
    0.45000000000000001,
    0.72999999999999998,
    0.91000000000000003
  ],
  "expected_log_pdf": [0.52470406628379418, 0.050267610307426297, 0.075854529352495981, 0.5834554564388692],
  "expected_cond_first_given_second": [0.28707208175521537, 0.2321447828048071, 0.73093128526546469, 0.78488107599907564],
  "expected_cond_second_given_first": [0.44489684882704383, 0.72520150713617448, 0.27758614325405623, 0.54035511518163037],
  "expected_inv_first_given_second": [0.15991900712083212, 0.49225680727524113, 0.61913740577050524, 0.94947802683601523],
  "expected_inv_second_given_first": [0.13371890736180414, 0.32291922796902273, 0.7601386522978173, 0.96366209365531219]
}
