{
  "metadata": {
    "source_package": "VineCopula",
    "source_version": "2.6.1"
  },
  "family": "gumbel_rot90",
  "family_code": 24,
  "par": 1.8,
  "par2": 0,
  "u1": [
    0.17000000000000001,
    0.31,
    0.62,
    0.88
  ],
  "u2": [
    0.23000000000000001,
    0.54000000000000004,
    0.40999999999999998,
    0.79000000000000004
  ],
  "p": [
    0.27000000000000002,
    0.45000000000000001,
    0.72999999999999998,
    0.91000000000000003
  ],
  "expected_log_pdf": [-1.0770469075790421, 0.26895098107725796, 0.33416137572645904, -1.2437192633809493],
  "expected_cond_first_given_second": [0.029941391401757778, 0.24196278591401921, 0.55848782472715985, 0.97459458482113315],
  "expected_cond_second_given_first": [0.05151051402497845, 0.3953888473511471, 0.50857918494938803, 0.96953486706315539],
  "expected_inv_first_given_second": [0.50825151283021142, 0.46012784011258867, 0.7452983193630569, 0.71411394648464366],
  "expected_inv_second_given_first": [0.58261438403545474, 0.58022193426863855, 0.57915736502182369, 0.64360929954752599]
}
