{
  "metadata": {
    "source_package": "VineCopula",
    "source_version": "2.6.1"
  },
  "family": "bb8",
  "family_code": 10,
  "par": 2,
  "par2": 0.80000000000000004,
  "u1": [
    0.17000000000000001,
    0.31,
    0.62,
    0.88
  ],
  "u2": [
    0.23000000000000001,
    0.54000000000000004,
    0.40999999999999998,
    0.79000000000000004
  ],
  "p": [
    0.27000000000000002,
    0.45000000000000001,
    0.72999999999999998,
    0.91000000000000003
  ],
  "expected_log_pdf": [0.25474285449410633, 0.042955478618254155, 0.021619663848802186, 0.35106191296884731],
  "expected_cond_first_given_second": [0.22566416080916621, 0.30872003993793162, 0.68933535263572143, 0.82826648189661989],
  "expected_cond_second_given_first": [0.31494522334710229, 0.63720378834462621, 0.38007772628274056, 0.63130538544538584],
  "expected_inv_first_given_second": [0.20460246160896495, 0.44318141730593641, 0.66037513840787798, 0.93694830510052185],
  "expected_inv_second_given_first": [0.19550978739850472, 0.37020961918304729, 0.73343012911526495, 0.95536625718977919]
}
