{
  "metadata": {
    "source_package": "copula",
    "source_version": "1.1.3"
  },
  "theta": 2.5,
  "seed": 626262,
  "sample_size": 10000,
  "expected_mean": [0.49871811560122298, 0.49705967932047879],
  "expected_kendall_tau": [
    [1, 0.5542299429942994],
    [0.5542299429942994, 1]
  ]
}
