{
  "metadata": {
    "source_package": "copula",
    "source_version": "1.1.3"
  },
  "correlation": [
    [1, 0.69999999999999996],
    [0.69999999999999996, 1]
  ],
  "seed": 424242,
  "sample_size": 10000,
  "expected_mean": [0.49951217905591128, 0.502344622458197],
  "expected_kendall_tau": [
    [1, 0.49053593359335929],
    [0.49053593359335929, 1]
  ]
}
