{
  "metadata": {
    "source_package": "copula",
    "source_version": "1.1.3"
  },
  "theta": 1.8,
  "seed": 848484,
  "sample_size": 10000,
  "expected_mean": [0.49474355028653472, 0.49704862936649724],
  "expected_kendall_tau": [
    [1, 0.43911995199519943],
    [0.43911995199519943, 1]
  ]
}
