{
  "metadata": {
    "source_package": "copula",
    "source_version": "1.1.3"
  },
  "correlation": [
    [1, 0.55000000000000004],
    [0.55000000000000004, 1]
  ],
  "degrees_of_freedom": 6,
  "inputs": [
    [0.79064582102000713, 0.76903553819283843],
    [0.0059802613686770201, 0.4891649775672704],
    [0.93449976458214223, 0.30310971988365054],
    [0.13311152020469308, 0.66881213057786226],
    [0.6657328384462744, 0.15004645753651857],
    [0.89167925878427923, 0.54387264372780919],
    [0.30138033232651651, 0.60072757140733302],
    [0.031850964762270451, 0.27773429034277797]
  ],
  "expected_log_pdf": [0.46681121585131358, -1.3091006942708745, -1.0005592685481552, -0.60562985271884795, -0.53554168695009041, -0.15754127840079946, -0.004264701935810411, -0.022040517195177856]
}
