{
  "metadata": {
    "source_package": "copula",
    "source_version": "1.1.3"
  },
  "correlation": [
    [1, 0.55000000000000004],
    [0.55000000000000004, 1]
  ],
  "degrees_of_freedom": 6,
  "seed": 515151,
  "sample_size": 10000,
  "expected_mean": [0.50535320653031057, 0.50358407494805313],
  "expected_kendall_tau": [
    [1, 0.37048120812081203],
    [0.37048120812081203, 1]
  ]
}
